Timestamp;Container_ID;Container_Name;CPU_Percent;Mem_Usage_MiB;Mem_Limit_MiB;Mem_Percent;Net_Rx_MiB;Net_Tx_MiB;Block_Read_MiB;Block_Write_MiB;PIDS
2025-09-22 21:20:35;c3bf0684602f;pymedapp;0.25;134.7;512.0;26.32;0.02294921875;0.0248046875;0.0;0.0;31
2025-09-22 21:20:43;c3bf0684602f;pymedapp;78.96;158.1;512.0;30.89;0.9619140625;1.15;0.0;0.0;31
2025-09-22 21:20:50;c3bf0684602f;pymedapp;124.11;227.8;512.0;44.5;6.01;7.1;0.0;0.0;31
2025-09-22 21:20:58;c3bf0684602f;pymedapp;140.35;191.5;512.0;37.41;10.9;12.9;0.0;0.0;31
2025-09-22 21:21:08;c3bf0684602f;pymedapp;168.19;155.4;512.0;30.36;18.5;21.7;0.0;0.0;31
2025-09-22 21:21:16;c3bf0684602f;pymedapp;145.93;234.2;512.0;45.75;25.4;29.9;0.0;0.0;31
2025-09-22 21:21:23;c3bf0684602f;pymedapp;132.88;234.8;512.0;45.86;34.1;40.3;0.0;0.0;31
2025-09-22 21:21:31;c3bf0684602f;pymedapp;150.24;207.1;512.0;40.45;42.0;49.8;0.0;0.0;31
2025-09-22 21:21:41;c3bf0684602f;pymedapp;162.41;214.8;512.0;41.96;50.7;60.6;0.0;0.0;30
2025-09-22 21:21:49;c3bf0684602f;pymedapp;149.33;237.6;512.0;46.4;58.4;70.1;0.0;0.0;31
2025-09-22 21:21:56;c3bf0684602f;pymedapp;159.17;197.8;512.0;38.63;67.3;81.1;0.0;0.0;27
2025-09-22 21:22:04;c3bf0684602f;pymedapp;149.48;196.1;512.0;38.31;78.5;95.3;0.0;0.0;31
2025-09-22 21:22:14;c3bf0684602f;pymedapp;138.59;240.5;512.0;46.97;87.2;106.0;0.0;0.0;31
2025-09-22 21:22:22;c3bf0684602f;pymedapp;147.75;226.0;512.0;44.14;97.3;119.0;0.0;0.0;30
2025-09-22 21:22:29;c3bf0684602f;pymedapp;161.54;202.2;512.0;39.5;110.0;134.0;0.0;0.0;30
2025-09-22 21:22:37;c3bf0684602f;pymedapp;150.48;242.0;512.0;47.26;119.0;146.0;0.0;0.0;31
2025-09-22 21:22:47;c3bf0684602f;pymedapp;149.05;228.2;512.0;44.58;130.0;160.0;0.0;0.0;31
2025-09-22 21:22:55;c3bf0684602f;pymedapp;149.31;242.9;512.0;47.44;141.0;175.0;0.0;0.0;31
2025-09-22 21:23:03;c3bf0684602f;pymedapp;145.96;243.3;512.0;47.52;153.0;189.0;0.0;0.0;31
2025-09-22 21:23:10;c3bf0684602f;pymedapp;156.81;213.6;512.0;41.71;166.0;207.0;0.0;0.0;31
2025-09-22 21:23:20;c3bf0684602f;pymedapp;147.31;243.5;512.0;47.55;178.0;222.0;0.0;0.0;31
2025-09-22 21:23:28;c3bf0684602f;pymedapp;148.61;229.8;512.0;44.89;190.0;237.0;0.0;0.0;31
2025-09-22 21:23:36;c3bf0684602f;pymedapp;160.31;210.1;512.0;41.03;203.0;255.0;0.0;0.0;30
2025-09-22 21:23:43;c3bf0684602f;pymedapp;152.48;250.9;512.0;49.0;219.0;275.0;0.0;0.0;30
2025-09-22 21:23:53;c3bf0684602f;pymedapp;153.53;230.8;512.0;45.08;230.0;289.0;0.0;0.0;31
2025-09-22 21:24:01;c3bf0684602f;pymedapp;155.68;231.9;512.0;45.29;247.0;312.0;0.0;0.0;31
2025-09-22 21:24:09;c3bf0684602f;pymedapp;155.26;228.7;512.0;44.66;261.0;330.0;0.0;0.0;31
2025-09-22 21:24:16;c3bf0684602f;pymedapp;168.08;201.0;512.0;39.26;275.0;349.0;0.0;0.0;31
2025-09-22 21:24:27;c3bf0684602f;pymedapp;163.88;216.0;512.0;42.19;288.0;366.0;0.0;0.0;31
2025-09-22 21:24:34;c3bf0684602f;pymedapp;174.24;200.1;512.0;39.08;303.0;385.0;0.0;0.0;31
2025-09-22 21:24:42;c3bf0684602f;pymedapp;155.58;255.1;512.0;49.81;315.0;401.0;0.0;0.0;30
2025-09-22 21:24:49;c3bf0684602f;pymedapp;159.76;212.9;512.0;41.58;328.0;418.0;0.0;0.0;31
2025-09-22 21:25:00;c3bf0684602f;pymedapp;163.54;216.2;512.0;42.23;348.0;444.0;0.0;0.0;31
2025-09-22 21:25:07;c3bf0684602f;pymedapp;154.13;246.3;512.0;48.11;364.0;466.0;0.0;0.0;31
2025-09-22 21:25:15;c3bf0684602f;pymedapp;156.91;232.2;512.0;45.35;380.0;486.0;0.0;0.0;31
2025-09-22 21:25:22;c3bf0684602f;pymedapp;157.34;247.1;512.0;48.26;399.0;511.0;0.0;0.0;31
2025-09-22 21:25:33;c3bf0684602f;pymedapp;159.7;231.3;512.0;45.17;414.0;531.0;0.0;0.0;31
2025-09-22 21:25:40;c3bf0684602f;pymedapp;163.93;213.6;512.0;41.73;432.0;555.0;0.0;0.0;31
2025-09-22 21:25:48;c3bf0684602f;pymedapp;157.42;222.0;512.0;43.36;450.0;579.0;0.0;0.0;31
2025-09-22 21:25:55;c3bf0684602f;pymedapp;167.24;215.3;512.0;42.04;465.0;599.0;0.0;0.0;31
2025-09-22 21:26:06;c3bf0684602f;pymedapp;160.05;231.0;512.0;45.12;484.0;624.0;0.0;0.0;31
2025-09-22 21:26:13;c3bf0684602f;pymedapp;156.54;230.3;512.0;44.98;500.0;645.0;0.0;0.0;31
2025-09-22 21:26:21;c3bf0684602f;pymedapp;163.47;218.8;512.0;42.73;521.0;673.0;0.0;0.0;31
2025-09-22 21:26:28;c3bf0684602f;pymedapp;154.26;246.8;512.0;48.2;535.0;692.0;0.0;0.0;31
2025-09-22 21:26:39;c3bf0684602f;pymedapp;166.33;215.8;512.0;42.15;553.0;715.0;0.0;0.0;31
2025-09-22 21:26:46;c3bf0684602f;pymedapp;154.1;247.1;512.0;48.26;571.0;740.0;0.0;0.0;31
2025-09-22 21:26:54;c3bf0684602f;pymedapp;157.17;232.9;512.0;45.49;588.0;762.0;0.0;0.0;31
2025-09-22 21:27:04;c3bf0684602f;pymedapp;162.03;232.1;512.0;45.34;607.0;788.0;0.0;0.0;31
2025-09-22 21:27:12;c3bf0684602f;pymedapp;152.05;246.8;512.0;48.2;627.0;813.0;0.0;0.0;31
2025-09-22 21:27:19;c3bf0684602f;pymedapp;153.63;232.0;512.0;45.31;645.0;837.0;0.0;0.0;31
2025-09-22 21:27:27;c3bf0684602f;pymedapp;152.37;247.3;512.0;48.3;661.0;860.0;0.0;0.0;31
2025-09-22 21:27:37;c3bf0684602f;pymedapp;153.05;247.8;512.0;48.4;682.0;886.0;0.0;0.0;30
2025-09-22 21:27:45;c3bf0684602f;pymedapp;170.11;215.7;512.0;42.12;699.0;909.0;0.0;0.0;31
2025-09-22 21:27:52;c3bf0684602f;pymedapp;153.72;247.0;512.0;48.24;720.0;937.0;0.0;0.0;31
2025-09-22 21:28:00;c3bf0684602f;pymedapp;151.29;247.1;512.0;48.27;737.0;960.0;0.0;0.0;31
2025-09-22 21:28:10;c3bf0684602f;pymedapp;154.43;247.8;512.0;48.4;754.0;982.0;0.0;0.0;31
2025-09-22 21:28:18;c3bf0684602f;pymedapp;155.61;231.8;512.0;45.27;771.0;1024.0;0.0;0.0;31
2025-09-22 21:28:25;c3bf0684602f;pymedapp;160.7;238.6;512.0;46.61;792.0;1054.72;0.0;0.0;30
2025-09-22 21:28:33;c3bf0684602f;pymedapp;153.22;248.6;512.0;48.56;809.0;1085.44;0.0;0.0;31
2025-09-22 21:28:43;c3bf0684602f;pymedapp;158.5;217.0;512.0;42.38;826.0;1105.92;0.0;0.0;31
2025-09-22 21:28:51;c3bf0684602f;pymedapp;155.4;247.1;512.0;48.26;842.0;1126.4;0.0;0.0;31
2025-09-22 21:28:58;c3bf0684602f;pymedapp;159.17;230.9;512.0;45.1;861.0;1146.88;0.0;0.0;31
2025-09-22 21:29:06;c3bf0684602f;pymedapp;162.23;241.3;512.0;47.13;879.0;1177.6;0.0;0.0;30
2025-09-22 21:29:16;c3bf0684602f;pymedapp;156.79;246.3;512.0;48.11;894.0;1198.08;0.0;0.0;31
2025-09-22 21:29:24;c3bf0684602f;pymedapp;165.41;218.9;512.0;42.76;916.0;1228.8;0.0;0.0;31
2025-09-22 21:29:32;c3bf0684602f;pymedapp;152.44;247.5;512.0;48.34;935.0;1249.28;0.0;0.0;31
2025-09-22 21:29:39;c3bf0684602f;pymedapp;154.07;233.7;512.0;45.65;950.0;1269.76;0.0;0.0;31
2025-09-22 21:29:49;c3bf0684602f;pymedapp;163.79;239.8;512.0;46.84;969.0;1300.48;0.0;0.0;30
2025-09-22 21:29:57;c3bf0684602f;pymedapp;164.99;207.8;512.0;40.59;987.0;1320.96;0.0;0.0;31
2025-09-22 21:30:05;c3bf0684602f;pymedapp;158.81;234.0;512.0;45.71;1034.24;1351.68;0.0;0.0;31
2025-09-22 21:30:12;c3bf0684602f;pymedapp;164.01;230.9;512.0;45.1;1054.72;1382.4;0.0;0.0;31
2025-09-22 21:30:22;c3bf0684602f;pymedapp;152.81;247.6;512.0;48.35;1075.2;1402.88;0.0;0.0;31
2025-09-22 21:30:30;c3bf0684602f;pymedapp;152.27;247.0;512.0;48.23;1085.44;1423.36;0.0;0.0;31
2025-09-22 21:30:38;c3bf0684602f;pymedapp;153.98;255.3;512.0;49.87;1105.92;1454.08;0.0;0.0;30
2025-09-22 21:30:45;c3bf0684602f;pymedapp;154.69;248.8;512.0;48.6;1126.4;1474.56;0.0;0.0;30
2025-09-22 21:30:56;c3bf0684602f;pymedapp;167.96;196.7;512.0;38.41;1146.88;1505.28;0.0;0.0;30
2025-09-22 21:31:03;c3bf0684602f;pymedapp;153.37;212.0;512.0;41.4;1167.36;1525.76;0.0;0.0;26
2025-09-22 21:31:11;c3bf0684602f;pymedapp;171.36;218.4;512.0;42.65;1187.84;1556.48;0.0;0.0;31
2025-09-22 21:31:18;c3bf0684602f;pymedapp;156.79;254.2;512.0;49.65;1198.08;1576.96;0.0;0.0;30
2025-09-22 21:31:29;c3bf0684602f;pymedapp;153.73;247.2;512.0;48.28;1218.56;1607.68;0.0;0.0;31
2025-09-22 21:31:36;c3bf0684602f;pymedapp;158.34;221.8;512.0;43.31;1239.04;1628.16;0.0;0.0;27
2025-09-22 21:31:44;c3bf0684602f;pymedapp;153.19;247.5;512.0;48.34;1259.52;1658.88;0.0;0.0;31
2025-09-22 21:31:51;c3bf0684602f;pymedapp;159.64;236.4;512.0;46.18;1280.0;1679.36;0.0;0.0;30
2025-09-22 21:32:02;c3bf0684602f;pymedapp;155.6;248.0;512.0;48.43;1300.48;1710.08;0.0;0.0;31
2025-09-22 21:32:09;c3bf0684602f;pymedapp;164.21;216.5;512.0;42.29;1320.96;1740.8;0.0;0.0;31
2025-09-22 21:32:17;c3bf0684602f;pymedapp;162.56;241.4;512.0;47.16;1341.44;1761.28;0.0;0.0;30
2025-09-22 21:32:24;c3bf0684602f;pymedapp;168.41;218.0;512.0;42.58;1361.92;1792.0;0.0;0.0;31
2025-09-22 21:32:35;c3bf0684602f;pymedapp;166.25;217.7;512.0;42.53;1372.16;1812.48;0.0;0.0;31
2025-09-22 21:32:42;c3bf0684602f;pymedapp;153.35;248.7;512.0;48.57;1402.88;1832.96;0.0;0.0;31
2025-09-22 21:32:50;c3bf0684602f;pymedapp;155.52;233.6;512.0;45.62;1423.36;1863.68;0.0;0.0;31
2025-09-22 21:32:57;c3bf0684602f;pymedapp;155.79;248.9;512.0;48.62;1443.84;1894.4;0.0;0.0;31
2025-09-22 21:33:08;c3bf0684602f;pymedapp;172.15;217.1;512.0;42.39;1454.08;1914.88;0.0;0.0;31
2025-09-22 21:33:15;c3bf0684602f;pymedapp;154.91;248.2;512.0;48.47;1474.56;1935.36;0.0;0.0;31
2025-09-22 21:33:23;c3bf0684602f;pymedapp;162.68;218.0;512.0;42.59;1495.04;1966.08;0.0;0.0;31
2025-09-22 21:33:30;c3bf0684602f;pymedapp;156.46;248.7;512.0;48.56;1515.52;1986.56;0.0;0.0;31
2025-09-22 21:33:41;c3bf0684602f;pymedapp;167.82;233.0;512.0;45.51;1525.76;2017.28;0.0;0.0;31
2025-09-22 21:33:48;c3bf0684602f;pymedapp;156.52;248.3;512.0;48.5;1546.24;2037.76;0.0;0.0;31
2025-09-22 21:33:56;c3bf0684602f;pymedapp;163.36;220.1;512.0;42.99;1566.72;2058.24;0.0;0.0;31
2025-09-22 21:34:04;c3bf0684602f;pymedapp;156.26;250.4;512.0;48.9;1587.2;2099.2;0.0;0.0;31
2025-09-22 21:34:14;c3bf0684602f;pymedapp;159.18;232.5;512.0;45.4;1607.68;2119.68;0.0;0.0;31
2025-09-22 21:34:21;c3bf0684602f;pymedapp;160.97;249.1;512.0;48.64;1628.16;2150.4;0.0;0.0;31
2025-09-22 21:34:29;c3bf0684602f;pymedapp;162.6;203.4;512.0;39.72;1648.64;2181.12;0.0;0.0;26
2025-09-22 21:34:37;c3bf0684602f;pymedapp;156.03;250.2;512.0;48.86;1669.12;2201.6;0.0;0.0;31
2025-09-22 21:34:47;c3bf0684602f;pymedapp;176.62;200.4;512.0;39.14;1689.6;2232.32;0.0;0.0;31
2025-09-22 21:34:55;c3bf0684602f;pymedapp;168.28;217.7;512.0;42.52;1710.08;2263.04;0.0;0.0;31
2025-09-22 21:35:02;c3bf0684602f;pymedapp;164.52;220.1;512.0;43.0;1730.56;2283.52;0.0;0.0;31
2025-09-22 21:35:10;c3bf0684602f;pymedapp;160.76;248.4;512.0;48.51;1751.04;2314.24;0.0;0.0;31
2025-09-22 21:35:20;c3bf0684602f;pymedapp;161.36;235.2;512.0;45.94;1771.52;2334.72;0.0;0.0;31
2025-09-22 21:35:28;c3bf0684602f;pymedapp;160.96;232.2;512.0;45.36;1792.0;2365.44;0.0;0.0;31
2025-09-22 21:35:35;c3bf0684602f;pymedapp;160.2;230.4;512.0;45.0;1812.48;2396.16;0.0;0.0;31
2025-09-22 21:35:43;c3bf0684602f;pymedapp;166.26;217.8;512.0;42.54;1832.96;2416.64;0.0;0.0;31
2025-09-22 21:35:53;c3bf0684602f;pymedapp;160.24;249.2;512.0;48.66;1843.2;2437.12;0.0;0.0;31
2025-09-22 21:36:01;c3bf0684602f;pymedapp;161.57;234.1;512.0;45.72;1873.92;2467.84;0.0;0.0;30
2025-09-22 21:36:08;c3bf0684602f;pymedapp;159.4;232.0;512.0;45.32;1884.16;2488.32;0.0;0.0;31
2025-09-22 21:36:16;c3bf0684602f;pymedapp;157.51;234.3;512.0;45.77;1914.88;2519.04;0.0;0.0;31
2025-09-22 21:36:26;c3bf0684602f;pymedapp;159.41;222.6;512.0;43.48;1935.36;2549.76;0.0;0.0;31
2025-09-22 21:36:34;c3bf0684602f;pymedapp;163.14;231.1;512.0;45.13;1955.84;2580.48;0.0;0.0;31
2025-09-22 21:36:41;c3bf0684602f;pymedapp;163.76;200.3;512.0;39.13;1976.32;2600.96;0.0;0.0;26
2025-09-22 21:36:49;c3bf0684602f;pymedapp;161.91;232.0;512.0;45.32;1996.8;2631.68;0.0;0.0;31
2025-09-22 21:36:59;c3bf0684602f;pymedapp;157.37;249.6;512.0;48.75;2017.28;2662.4;0.0;0.0;31
2025-09-22 21:37:07;c3bf0684602f;pymedapp;162.32;248.0;512.0;48.44;2037.76;2693.12;0.0;0.0;31
2025-09-22 21:37:14;c3bf0684602f;pymedapp;155.89;249.2;512.0;48.67;2058.24;2723.84;0.0;0.0;31
2025-09-22 21:37:22;c3bf0684602f;pymedapp;157.03;198.8;512.0;38.83;2078.72;2744.32;0.0;0.0;26
2025-09-22 21:37:32;c3bf0684602f;pymedapp;163.21;232.9;512.0;45.5;2099.2;2775.04;0.0;0.0;31
2025-09-22 21:37:40;c3bf0684602f;pymedapp;165.46;219.4;512.0;42.86;2119.68;2795.52;0.0;0.0;31
2025-09-22 21:37:47;c3bf0684602f;pymedapp;176.65;204.4;512.0;39.93;2140.16;2836.48;0.0;0.0;31
2025-09-22 21:37:55;c3bf0684602f;pymedapp;158.05;249.0;512.0;48.62;2160.64;2856.96;0.0;0.0;31
2025-09-22 21:38:05;c3bf0684602f;pymedapp;174.92;201.3;512.0;39.31;2181.12;2887.68;0.0;0.0;31
2025-09-22 21:38:13;c3bf0684602f;pymedapp;168.77;215.9;512.0;42.16;2191.36;2897.92;0.0;0.0;31
2025-09-22 21:38:20;c3bf0684602f;pymedapp;172.9;202.9;512.0;39.63;2222.08;2928.64;0.0;0.0;31
2025-09-22 21:38:28;c3bf0684602f;pymedapp;158.65;233.8;512.0;45.67;2242.56;2959.36;0.0;0.0;31
2025-09-22 21:38:38;c3bf0684602f;pymedapp;160.25;250.0;512.0;48.82;2263.04;2990.08;0.0;0.0;31
2025-09-22 21:38:46;c3bf0684602f;pymedapp;154.42;250.2;512.0;48.87;2283.52;3020.8;0.0;0.0;31
2025-09-22 21:38:53;c3bf0684602f;pymedapp;164.92;217.6;512.0;42.5;2304.0;3051.52;0.0;0.0;31
2025-09-22 21:39:01;c3bf0684602f;pymedapp;161.9;238.0;512.0;46.48;2324.48;3082.24;0.0;0.0;30
2025-09-22 21:39:11;c3bf0684602f;pymedapp;165.12;218.9;512.0;42.76;2344.96;3102.72;0.0;0.0;31
2025-09-22 21:39:19;c3bf0684602f;pymedapp;159.39;231.4;512.0;45.2;2375.68;3133.44;0.0;0.0;31
2025-09-22 21:39:26;c3bf0684602f;pymedapp;157.5;248.7;512.0;48.58;2396.16;3164.16;0.0;0.0;31
2025-09-22 21:39:34;c3bf0684602f;pymedapp;156.7;231.9;512.0;45.3;2416.64;3194.88;0.0;0.0;31
2025-09-22 21:39:44;c3bf0684602f;pymedapp;160.06;248.9;512.0;48.62;2437.12;3225.6;0.0;0.0;31
2025-09-22 21:39:52;c3bf0684602f;pymedapp;162.87;215.3;512.0;42.05;2457.6;3256.32;0.0;0.0;31
2025-09-22 21:39:59;c3bf0684602f;pymedapp;158.49;249.3;512.0;48.69;2478.08;3276.8;0.0;0.0;31
2025-09-22 21:40:10;c3bf0684602f;pymedapp;165.95;212.5;512.0;41.5;2498.56;3307.52;0.0;0.0;31
2025-09-22 21:40:17;c3bf0684602f;pymedapp;162.12;223.2;512.0;43.59;2519.04;3338.24;0.0;0.0;27
2025-09-22 21:40:25;c3bf0684602f;pymedapp;162.83;234.6;512.0;45.82;2539.52;3358.72;0.0;0.0;31
2025-09-22 21:40:32;c3bf0684602f;pymedapp;156.94;250.2;512.0;48.86;2560.0;3399.68;0.0;0.0;31
2025-09-22 21:40:43;c3bf0684602f;pymedapp;160.2;232.7;512.0;45.45;2580.48;3420.16;0.0;0.0;31
2025-09-22 21:40:50;c3bf0684602f;pymedapp;159.7;248.5;512.0;48.53;2600.96;3450.88;0.0;0.0;31
2025-09-22 21:40:58;c3bf0684602f;pymedapp;156.69;249.2;512.0;48.67;2621.44;3481.6;0.0;0.0;31
2025-09-22 21:41:06;c3bf0684602f;pymedapp;158.21;216.4;512.0;42.26;2652.16;3512.32;0.0;0.0;26
2025-09-22 21:41:16;c3bf0684602f;pymedapp;162.07;231.6;512.0;45.24;2672.64;3532.8;0.0;0.0;31
2025-09-22 21:41:23;c3bf0684602f;pymedapp;158.18;236.7;512.0;46.24;2693.12;3573.76;0.0;0.0;31
2025-09-22 21:41:31;c3bf0684602f;pymedapp;157.46;250.0;512.0;48.84;2713.6;3604.48;0.0;0.0;30
2025-09-22 21:41:39;c3bf0684602f;pymedapp;162.56;231.4;512.0;45.2;2744.32;3635.2;0.0;0.0;31
2025-09-22 21:41:49;c3bf0684602f;pymedapp;159.41;249.2;512.0;48.68;2754.56;3655.68;0.0;0.0;31
2025-09-22 21:41:56;c3bf0684602f;pymedapp;165.2;218.4;512.0;42.66;2785.28;3686.4;0.0;0.0;31
2025-09-22 21:42:04;c3bf0684602f;pymedapp;165.34;231.3;512.0;45.18;2805.76;3717.12;0.0;0.0;31
2025-09-22 21:42:12;c3bf0684602f;pymedapp;154.6;248.4;512.0;48.52;2826.24;3747.84;0.0;0.0;31
2025-09-22 21:42:22;c3bf0684602f;pymedapp;164.79;233.5;512.0;45.6;2846.72;3778.56;0.0;0.0;31
2025-09-22 21:42:29;c3bf0684602f;pymedapp;157.9;249.6;512.0;48.76;2867.2;3809.28;0.0;0.0;31
2025-09-22 21:42:37;c3bf0684602f;pymedapp;160.35;234.8;512.0;45.85;2897.92;3840.0;0.0;0.0;31
2025-09-22 21:42:45;c3bf0684602f;pymedapp;157.51;253.1;512.0;49.44;2908.16;3860.48;0.0;0.0;30
2025-09-22 21:42:55;c3bf0684602f;pymedapp;162.85;231.8;512.0;45.28;2938.88;3891.2;0.0;0.0;30
2025-09-22 21:43:03;c3bf0684602f;pymedapp;160.34;250.0;512.0;48.84;2959.36;3921.92;0.0;0.0;31
2025-09-22 21:43:10;c3bf0684602f;pymedapp;170.25;216.9;512.0;42.37;2979.84;3952.64;0.0;0.0;31
2025-09-22 21:43:18;c3bf0684602f;pymedapp;162.14;234.1;512.0;45.71;3000.32;3983.36;0.0;0.0;31
2025-09-22 21:43:28;c3bf0684602f;pymedapp;156.02;248.3;512.0;48.49;3031.04;4014.08;0.0;0.0;31
2025-09-22 21:43:36;c3bf0684602f;pymedapp;152.64;250.9;512.0;49.0;3051.52;4055.04;0.0;0.0;30
2025-09-22 21:43:43;c3bf0684602f;pymedapp;157.7;249.7;512.0;48.77;3072.0;4075.52;0.0;0.0;31
2025-09-22 21:43:51;c3bf0684602f;pymedapp;156.29;249.6;512.0;48.75;3092.48;4106.24;0.0;0.0;30
2025-09-22 21:44:01;c3bf0684602f;pymedapp;157.47;250.0;512.0;48.83;3112.96;4136.96;0.0;0.0;31
2025-09-22 21:44:09;c3bf0684602f;pymedapp;163.61;202.1;512.0;39.47;3143.68;4167.68;0.0;0.0;31
2025-09-22 21:44:16;c3bf0684602f;pymedapp;161.48;233.7;512.0;45.65;3164.16;4198.4;0.0;0.0;31
2025-09-22 21:44:24;c3bf0684602f;pymedapp;161.53;221.8;512.0;43.33;3184.64;4229.12;0.0;0.0;27
2025-09-22 21:44:34;c3bf0684602f;pymedapp;155.64;249.3;512.0;48.69;3205.12;4259.84;0.0;0.0;31
2025-09-22 21:44:42;c3bf0684602f;pymedapp;157.32;248.6;512.0;48.56;3235.84;4290.56;0.0;0.0;31
2025-09-22 21:44:49;c3bf0684602f;pymedapp;158.46;249.1;512.0;48.66;3256.32;4321.28;0.0;0.0;31
2025-09-22 21:44:57;c3bf0684602f;pymedapp;156.64;248.9;512.0;48.62;3276.8;4352.0;0.0;0.0;31
2025-09-22 21:45:07;c3bf0684602f;pymedapp;157.62;252.3;512.0;49.28;3297.28;4382.72;0.0;0.0;30
2025-09-22 21:45:15;c3bf0684602f;pymedapp;156.5;249.7;512.0;48.77;3317.76;4403.2;0.0;0.0;31
2025-09-22 21:45:22;c3bf0684602f;pymedapp;170.7;217.8;512.0;42.53;3338.24;4433.92;0.0;0.0;31
2025-09-22 21:45:30;c3bf0684602f;pymedapp;162.22;231.5;512.0;45.22;3368.96;4474.88;0.0;0.0;31
2025-09-22 21:45:40;c3bf0684602f;pymedapp;160.35;207.0;512.0;40.42;3389.44;4505.6;0.0;0.0;31
2025-09-22 21:45:48;c3bf0684602f;pymedapp;163.44;232.0;512.0;45.32;3409.92;4526.08;0.0;0.0;31
2025-09-22 21:45:55;c3bf0684602f;pymedapp;163.86;214.2;512.0;41.83;3430.4;4556.8;0.0;0.0;31
2025-09-22 21:46:03;c3bf0684602f;pymedapp;166.77;216.5;512.0;42.29;3450.88;4587.52;0.0;0.0;31
2025-09-22 21:46:13;c3bf0684602f;pymedapp;154.71;249.4;512.0;48.71;3481.6;4628.48;0.0;0.0;31
2025-09-22 21:46:21;c3bf0684602f;pymedapp;159.65;249.7;512.0;48.78;3502.08;4648.96;0.0;0.0;31
2025-09-22 21:46:28;c3bf0684602f;pymedapp;158.96;250.8;512.0;48.99;3522.56;4689.92;0.0;0.0;31
2025-09-22 21:46:36;c3bf0684602f;pymedapp;166.45;235.1;512.0;45.92;3553.28;4720.64;0.0;0.0;31
2025-09-22 21:46:46;c3bf0684602f;pymedapp;159.97;256.9;512.0;50.17;3573.76;4751.36;0.0;0.0;30
2025-09-22 21:46:54;c3bf0684602f;pymedapp;163.29;232.1;512.0;45.32;3594.24;4771.84;0.0;0.0;30
2025-09-22 21:47:01;c3bf0684602f;pymedapp;154.26;249.1;512.0;48.65;3614.72;4802.56;0.0;0.0;31
2025-09-22 21:47:09;c3bf0684602f;pymedapp;161.66;248.9;512.0;48.62;3635.2;4833.28;0.0;0.0;31
2025-09-22 21:47:19;c3bf0684602f;pymedapp;159.58;249.6;512.0;48.75;3655.68;4864.0;0.0;0.0;31
2025-09-22 21:47:27;c3bf0684602f;pymedapp;0.22;247.5;512.0;48.33;3676.16;4884.48;0.0;0.0;31
2025-09-22 21:47:34;c3bf0684602f;pymedapp;150.51;250.1;512.0;48.85;3696.64;4904.96;0.0;0.0;31
2025-09-22 21:47:42;c3bf0684602f;pymedapp;166.86;236.0;512.0;46.09;3717.12;4935.68;0.0;0.0;31
2025-09-22 21:47:52;c3bf0684602f;pymedapp;159.52;251.6;512.0;49.15;3737.6;4976.64;0.0;0.0;31
2025-09-22 21:48:00;c3bf0684602f;pymedapp;158.0;249.2;512.0;48.67;3758.08;4997.12;0.0;0.0;31
2025-09-22 21:48:07;c3bf0684602f;pymedapp;158.36;250.3;512.0;48.89;3788.8;5038.08;0.0;0.0;30
2025-09-22 21:48:15;c3bf0684602f;pymedapp;162.77;248.9;512.0;48.61;3809.28;5068.8;0.0;0.0;31
2025-09-22 21:48:25;c3bf0684602f;pymedapp;158.83;248.5;512.0;48.54;3829.76;5089.28;0.0;0.0;31
2025-09-22 21:48:33;c3bf0684602f;pymedapp;157.27;251.1;512.0;49.04;3850.24;5120.0;0.0;0.0;31
2025-09-22 21:48:40;c3bf0684602f;pymedapp;160.53;224.6;512.0;43.86;3880.96;5160.96;0.0;0.0;30
2025-09-22 21:48:48;c3bf0684602f;pymedapp;158.29;250.1;512.0;48.85;3901.44;5181.44;0.0;0.0;31
2025-09-22 21:48:58;c3bf0684602f;pymedapp;159.63;217.0;512.0;42.37;3921.92;5222.4;0.0;0.0;26
2025-09-22 21:49:06;c3bf0684602f;pymedapp;160.36;227.6;512.0;44.46;3942.4;5253.12;0.0;0.0;31
2025-09-22 21:49:14;c3bf0684602f;pymedapp;173.4;200.6;512.0;39.18;3973.12;5283.84;0.0;0.0;31
2025-09-22 21:49:21;c3bf0684602f;pymedapp;167.47;234.2;512.0;45.75;3993.6;5314.56;0.0;0.0;31
2025-09-22 21:49:31;c3bf0684602f;pymedapp;163.06;235.3;512.0;45.95;4024.32;5345.28;0.0;0.0;31
2025-09-22 21:49:39;c3bf0684602f;pymedapp;166.61;218.2;512.0;42.63;4044.8;5376.0;0.0;0.0;31
2025-09-22 21:49:47;c3bf0684602f;pymedapp;161.18;235.5;512.0;46.0;4065.28;5406.72;0.0;0.0;31
2025-09-22 21:49:54;c3bf0684602f;pymedapp;166.87;233.0;512.0;45.51;4085.76;5437.44;0.0;0.0;31
2025-09-22 21:50:04;c3bf0684602f;pymedapp;166.87;233.5;512.0;45.6;4106.24;5468.16;0.0;0.0;31
2025-09-22 21:50:12;c3bf0684602f;pymedapp;170.11;226.6;512.0;44.25;4136.96;5498.88;0.0;0.0;30
2025-09-22 21:50:20;c3bf0684602f;pymedapp;156.84;250.9;512.0;49.0;4157.44;5539.84;0.0;0.0;31
2025-09-22 21:50:27;c3bf0684602f;pymedapp;166.36;217.6;512.0;42.5;4188.16;5570.56;0.0;0.0;31
2025-09-22 21:50:38;c3bf0684602f;pymedapp;156.76;250.9;512.0;49.0;4208.64;5601.28;0.0;0.0;31
2025-09-22 21:50:45;c3bf0684602f;pymedapp;165.46;241.2;512.0;47.1;4229.12;5632.0;0.0;0.0;30
2025-09-22 21:50:53;c3bf0684602f;pymedapp;156.68;251.4;512.0;49.11;4249.6;5662.72;0.0;0.0;31
2025-09-22 21:51:00;c3bf0684602f;pymedapp;162.0;251.3;512.0;49.07;4280.32;5693.44;0.0;0.0;31
2025-09-22 21:51:11;c3bf0684602f;pymedapp;167.1;220.2;512.0;43.01;4300.8;5734.4;0.0;0.0;31
2025-09-22 21:51:18;c3bf0684602f;pymedapp;162.37;234.1;512.0;45.71;4331.52;5765.12;0.0;0.0;31
2025-09-22 21:51:26;c3bf0684602f;pymedapp;164.78;236.9;512.0;46.27;4352.0;5795.84;0.0;0.0;31
2025-09-22 21:51:33;c3bf0684602f;pymedapp;162.81;234.3;512.0;45.77;4372.48;5826.56;0.0;0.0;31
2025-09-22 21:51:44;c3bf0684602f;pymedapp;168.99;218.4;512.0;42.66;4403.2;5857.28;0.0;0.0;31
2025-09-22 21:51:51;c3bf0684602f;pymedapp;156.33;250.9;512.0;49.0;4423.68;5888.0;0.0;0.0;31
2025-09-22 21:51:59;c3bf0684602f;pymedapp;164.62;241.0;512.0;47.07;4454.4;5928.96;0.0;0.0;30
2025-09-22 21:52:06;c3bf0684602f;pymedapp;159.7;251.8;512.0;49.18;4474.88;5959.68;0.0;0.0;31
2025-09-22 21:52:17;c3bf0684602f;pymedapp;106.0;234.8;512.0;45.87;4495.36;5990.4;0.0;0.0;31
2025-09-22 21:52:24;c3bf0684602f;pymedapp;159.48;249.3;512.0;48.7;4526.08;6021.12;0.0;0.0;31
2025-09-22 21:52:32;c3bf0684602f;pymedapp;164.48;234.3;512.0;45.76;4546.56;6051.84;0.0;0.0;31
2025-09-22 21:52:39;c3bf0684602f;pymedapp;158.46;252.2;512.0;49.25;4567.04;6082.56;0.0;0.0;31
2025-09-22 21:52:50;c3bf0684602f;pymedapp;172.38;228.1;512.0;44.55;4597.76;6123.52;0.0;0.0;30
2025-09-22 21:52:57;c3bf0684602f;pymedapp;165.59;225.5;512.0;44.04;4618.24;6154.24;0.0;0.0;31
2025-09-22 21:53:05;c3bf0684602f;pymedapp;156.59;250.9;512.0;49.0;4648.96;6195.2;0.0;0.0;31
2025-09-22 21:53:15;c3bf0684602f;pymedapp;166.88;233.0;512.0;45.52;4669.44;6225.92;0.0;0.0;31
2025-09-22 21:53:23;c3bf0684602f;pymedapp;166.53;234.9;512.0;45.87;4700.16;6256.64;0.0;0.0;31
2025-09-22 21:53:30;c3bf0684602f;pymedapp;171.3;217.9;512.0;42.55;4720.64;6287.36;0.0;0.0;31
2025-09-22 21:53:38;c3bf0684602f;pymedapp;164.81;219.4;512.0;42.85;4741.12;6318.08;0.0;0.0;31
2025-09-22 21:53:48;c3bf0684602f;pymedapp;155.23;251.5;512.0;49.12;4771.84;6359.04;0.0;0.0;31
2025-09-22 21:53:56;c3bf0684602f;pymedapp;163.26;236.0;512.0;46.09;4792.32;6389.76;0.0;0.0;31
2025-09-22 21:54:03;c3bf0684602f;pymedapp;158.44;251.5;512.0;49.13;4823.04;6430.72;0.0;0.0;31
2025-09-22 21:54:11;c3bf0684602f;pymedapp;158.62;251.4;512.0;49.11;4843.52;6461.44;0.0;0.0;31
2025-09-22 21:54:21;c3bf0684602f;pymedapp;159.34;251.9;512.0;49.2;4874.24;6492.16;0.0;0.0;31
2025-09-22 21:54:29;c3bf0684602f;pymedapp;163.43;234.8;512.0;45.85;4894.72;6522.88;0.0;0.0;31
2025-09-22 21:54:36;c3bf0684602f;pymedapp;167.32;229.4;512.0;44.81;4925.44;6563.84;0.0;0.0;31
2025-09-22 21:54:44;c3bf0684602f;pymedapp;162.27;208.4;512.0;40.7;4945.92;6584.32;0.0;0.0;31
2025-09-22 21:54:54;c3bf0684602f;pymedapp;164.99;226.9;512.0;44.31;4966.4;6625.28;0.0;0.0;31
2025-09-22 21:55:02;c3bf0684602f;pymedapp;176.73;202.0;512.0;39.45;4986.88;6656.0;0.0;0.0;31
2025-09-22 21:55:09;c3bf0684602f;pymedapp;160.99;258.1;512.0;50.41;5017.6;6686.72;0.0;0.0;30
2025-09-22 21:55:17;c3bf0684602f;pymedapp;162.28;233.8;512.0;45.66;5038.08;6717.44;0.0;0.0;31
2025-09-22 21:55:27;c3bf0684602f;pymedapp;165.34;234.5;512.0;45.8;5068.8;6758.4;0.0;0.0;31
2025-09-22 21:55:35;c3bf0684602f;pymedapp;165.46;233.7;512.0;45.64;5089.28;6778.88;0.0;0.0;31
2025-09-22 21:55:42;c3bf0684602f;pymedapp;157.98;251.9;512.0;49.21;5120.0;6819.84;0.0;0.0;31
2025-09-22 21:55:50;c3bf0684602f;pymedapp;160.82;252.2;512.0;49.26;5140.48;6860.8;0.0;0.0;31
2025-09-22 21:56:00;c3bf0684602f;pymedapp;156.55;252.5;512.0;49.31;5171.2;6891.52;0.0;0.0;31
2025-09-22 21:56:08;c3bf0684602f;pymedapp;160.31;252.8;512.0;49.37;5191.68;6922.24;0.0;0.0;31
2025-09-22 21:56:15;c3bf0684602f;pymedapp;162.04;252.0;512.0;49.22;5212.16;6952.96;0.0;0.0;31
2025-09-22 21:56:23;c3bf0684602f;pymedapp;163.28;244.2;512.0;47.69;5242.88;6993.92;0.0;0.0;31
2025-09-22 21:56:33;c3bf0684602f;pymedapp;164.71;234.6;512.0;45.83;5263.36;7024.64;0.0;0.0;31
2025-09-22 21:56:41;c3bf0684602f;pymedapp;165.12;252.6;512.0;49.34;5294.08;7055.36;0.0;0.0;31
2025-09-22 21:56:48;c3bf0684602f;pymedapp;168.26;235.6;512.0;46.02;5314.56;7096.32;0.0;0.0;31
2025-09-22 21:56:56;c3bf0684602f;pymedapp;164.02;236.3;512.0;46.16;5345.28;7127.04;0.0;0.0;31
2025-09-22 21:57:06;c3bf0684602f;pymedapp;77.31;249.4;512.0;48.72;5365.76;7157.76;0.0;0.0;31
2025-09-22 21:57:14;c3bf0684602f;pymedapp;159.75;251.3;512.0;49.08;5386.24;7188.48;0.0;0.0;31
2025-09-22 21:57:22;c3bf0684602f;pymedapp;163.44;236.8;512.0;46.24;5406.72;7219.2;0.0;0.0;31
2025-09-22 21:57:29;c3bf0684602f;pymedapp;161.36;237.7;512.0;46.42;5437.44;7260.16;0.0;0.0;31
2025-09-22 21:57:39;c3bf0684602f;pymedapp;165.03;237.1;512.0;46.32;5457.92;7280.64;0.0;0.0;30
2025-09-22 21:57:47;c3bf0684602f;pymedapp;159.78;235.5;512.0;46.01;5488.64;7321.6;0.0;0.0;31
2025-09-22 21:57:55;c3bf0684602f;pymedapp;159.93;250.7;512.0;48.96;5509.12;7352.32;0.0;0.0;31
2025-09-22 21:58:02;c3bf0684602f;pymedapp;164.38;234.8;512.0;45.87;5539.84;7393.28;0.0;0.0;31
2025-09-22 21:58:12;c3bf0684602f;pymedapp;157.61;251.9;512.0;49.2;5560.32;7424.0;0.0;0.0;31
2025-09-22 21:58:20;c3bf0684602f;pymedapp;166.55;234.1;512.0;45.71;5591.04;7454.72;0.0;0.0;31
2025-09-22 21:58:28;c3bf0684602f;pymedapp;168.12;251.8;512.0;49.18;5611.52;7485.44;0.0;0.0;31
2025-09-22 21:58:35;c3bf0684602f;pymedapp;168.42;215.3;512.0;42.05;5642.24;7526.4;0.0;0.0;31
2025-09-22 21:58:45;c3bf0684602f;pymedapp;159.86;251.9;512.0;49.2;5662.72;7557.12;0.0;0.0;31
2025-09-22 21:58:53;c3bf0684602f;pymedapp;168.96;209.4;512.0;40.9;5683.2;7587.84;0.0;0.0;31
2025-09-22 21:59:01;c3bf0684602f;pymedapp;161.11;251.7;512.0;49.15;5713.92;7628.8;0.0;0.0;31
2025-09-22 21:59:08;c3bf0684602f;pymedapp;182.47;216.0;512.0;42.19;5734.4;7659.52;0.0;0.0;31
2025-09-22 21:59:18;c3bf0684602f;pymedapp;163.65;252.3;512.0;49.27;5765.12;7690.24;0.0;0.0;31
2025-09-22 21:59:26;c3bf0684602f;pymedapp;185.2;202.1;512.0;39.48;5785.6;7720.96;0.0;0.0;31
2025-09-22 21:59:34;c3bf0684602f;pymedapp;157.49;251.6;512.0;49.14;5806.08;7751.68;0.0;0.0;31
2025-09-22 21:59:41;c3bf0684602f;pymedapp;166.81;215.0;512.0;41.99;5836.8;7782.4;0.0;0.0;31
2025-09-22 21:59:52;c3bf0684602f;pymedapp;156.41;251.9;512.0;49.2;5857.28;7823.36;0.0;0.0;31
2025-09-22 21:59:59;c3bf0684602f;pymedapp;163.61;255.9;512.0;49.98;5888.0;7854.08;0.0;0.0;30
2025-09-22 22:00:07;c3bf0684602f;pymedapp;161.32;252.3;512.0;49.28;5908.48;7884.8;0.0;0.0;31
2025-09-22 22:00:14;c3bf0684602f;pymedapp;179.07;197.6;512.0;38.6;5928.96;7915.52;0.0;0.0;31
2025-09-22 22:00:25;c3bf0684602f;pymedapp;166.33;250.5;512.0;48.92;5959.68;7956.48;0.0;0.0;31
2025-09-22 22:00:32;c3bf0684602f;pymedapp;165.38;235.3;512.0;45.96;5980.16;7987.2;0.0;0.0;31
2025-09-22 22:00:40;c3bf0684602f;pymedapp;156.83;252.2;512.0;49.26;6010.88;8028.16;0.0;0.0;31
2025-09-22 22:00:47;c3bf0684602f;pymedapp;159.04;235.5;512.0;45.99;6031.36;8058.88;0.0;0.0;31
2025-09-22 22:00:58;c3bf0684602f;pymedapp;159.99;252.4;512.0;49.3;6062.08;8089.6;0.0;0.0;31
2025-09-22 22:01:05;c3bf0684602f;pymedapp;156.98;250.5;512.0;48.93;6082.56;8130.56;0.0;0.0;31
2025-09-22 22:01:13;c3bf0684602f;pymedapp;162.31;226.4;512.0;44.23;6113.28;8161.28;0.0;0.0;31
2025-09-22 22:01:20;c3bf0684602f;pymedapp;161.41;251.8;512.0;49.19;6133.76;8202.24;0.0;0.0;31
2025-09-22 22:01:31;c3bf0684602f;pymedapp;166.19;235.1;512.0;45.92;6164.48;8232.96;0.0;0.0;31
2025-09-22 22:01:38;c3bf0684602f;pymedapp;157.66;250.9;512.0;49.01;6184.96;8263.68;0.0;0.0;31
2025-09-22 22:01:46;c3bf0684602f;pymedapp;167.7;231.8;512.0;45.27;6215.68;8304.64;0.0;0.0;31
2025-09-22 22:01:53;c3bf0684602f;pymedapp;160.81;251.1;512.0;49.05;6236.16;8335.36;0.0;0.0;31
2025-09-22 22:02:04;c3bf0684602f;pymedapp;168.33;213.7;512.0;41.73;6256.64;8355.84;0.0;0.0;31
2025-09-22 22:02:11;c3bf0684602f;pymedapp;158.04;251.9;512.0;49.2;6287.36;8396.8;0.0;0.0;31
2025-09-22 22:02:19;c3bf0684602f;pymedapp;170.64;243.9;512.0;47.64;6307.84;8427.52;0.0;0.0;30
2025-09-22 22:02:26;c3bf0684602f;pymedapp;165.5;234.6;512.0;45.82;6338.56;8468.48;0.0;0.0;31
2025-09-22 22:02:37;c3bf0684602f;pymedapp;163.81;217.5;512.0;42.47;6359.04;8499.2;0.0;0.0;31
2025-09-22 22:02:44;c3bf0684602f;pymedapp;161.12;251.8;512.0;49.19;6389.76;8540.16;0.0;0.0;31
2025-09-22 22:02:52;c3bf0684602f;pymedapp;163.52;234.6;512.0;45.82;6410.24;8570.88;0.0;0.0;31
2025-09-22 22:02:59;c3bf0684602f;pymedapp;160.2;252.0;512.0;49.21;6440.96;8611.84;0.0;0.0;31
2025-09-22 22:03:10;c3bf0684602f;pymedapp;157.63;251.3;512.0;49.08;6461.44;8632.32;0.0;0.0;31
2025-09-22 22:03:17;c3bf0684602f;pymedapp;160.07;253.0;512.0;49.42;6492.16;8683.52;0.0;0.0;31
2025-09-22 22:03:25;c3bf0684602f;pymedapp;155.77;251.2;512.0;49.06;6512.64;8704.0;0.0;0.0;31
2025-09-22 22:03:32;c3bf0684602f;pymedapp;160.74;254.4;512.0;49.68;6543.36;8744.96;0.0;0.0;31
2025-09-22 22:03:43;c3bf0684602f;pymedapp;159.89;258.6;512.0;50.51;6574.08;8785.92;0.0;0.0;30
2025-09-22 22:03:50;c3bf0684602f;pymedapp;168.71;236.9;512.0;46.28;6594.56;8816.64;0.0;0.0;31
2025-09-22 22:03:58;c3bf0684602f;pymedapp;156.18;250.0;512.0;48.83;6625.28;8847.36;0.0;0.0;31
2025-09-22 22:04:05;c3bf0684602f;pymedapp;160.39;213.9;512.0;41.77;6656.0;8888.32;0.0;0.0;26
2025-09-22 22:04:16;c3bf0684602f;pymedapp;158.49;251.0;512.0;49.03;6676.48;8919.04;0.0;0.0;31
2025-09-22 22:04:23;c3bf0684602f;pymedapp;162.03;251.5;512.0;49.11;6696.96;8949.76;0.0;0.0;31
2025-09-22 22:04:31;c3bf0684602f;pymedapp;159.74;251.3;512.0;49.09;6727.68;8980.48;0.0;0.0;31
2025-09-22 22:04:39;c3bf0684602f;pymedapp;160.49;235.1;512.0;45.92;6748.16;9021.44;0.0;0.0;31
2025-09-22 22:04:49;c3bf0684602f;pymedapp;156.94;251.4;512.0;49.1;6768.64;9052.16;0.0;0.0;31
2025-09-22 22:04:56;c3bf0684602f;pymedapp;163.88;234.6;512.0;45.82;6799.36;9082.88;0.0;0.0;31
2025-09-22 22:05:04;c3bf0684602f;pymedapp;157.82;251.5;512.0;49.11;6819.84;9113.6;0.0;0.0;31
2025-09-22 22:05:12;c3bf0684602f;pymedapp;160.95;233.6;512.0;45.63;6850.56;9154.56;0.0;0.0;31
2025-09-22 22:05:22;c3bf0684602f;pymedapp;167.54;213.0;512.0;41.61;6881.28;9195.52;0.0;0.0;31
2025-09-22 22:05:29;c3bf0684602f;pymedapp;158.27;257.8;512.0;50.36;6901.76;9226.24;0.0;0.0;30
2025-09-22 22:05:37;c3bf0684602f;pymedapp;162.72;251.6;512.0;49.14;6922.24;9256.96;0.0;0.0;31
2025-09-22 22:05:45;c3bf0684602f;pymedapp;166.67;250.5;512.0;48.93;6952.96;9287.68;0.0;0.0;31
2025-09-22 22:05:55;c3bf0684602f;pymedapp;156.71;251.9;512.0;49.21;6973.44;9318.4;0.0;0.0;30
2025-09-22 22:06:03;c3bf0684602f;pymedapp;160.09;250.7;512.0;48.97;6993.92;9359.36;0.0;0.0;31
2025-09-22 22:06:10;c3bf0684602f;pymedapp;161.12;264.1;512.0;51.58;7024.64;9390.08;0.0;0.0;29
2025-09-22 22:06:20;c3bf0684602f;pymedapp;159.5;250.6;512.0;48.95;7045.12;9420.8;0.0;0.0;31
2025-09-22 22:06:28;c3bf0684602f;pymedapp;166.13;208.7;512.0;40.76;7075.84;9451.52;0.0;0.0;31
2025-09-22 22:06:36;c3bf0684602f;pymedapp;157.97;250.4;512.0;48.91;7096.32;9482.24;0.0;0.0;31
2025-09-22 22:06:43;c3bf0684602f;pymedapp;161.99;234.0;512.0;45.71;7116.8;9512.96;0.0;0.0;31
2025-09-22 22:06:54;c3bf0684602f;pymedapp;160.23;249.8;512.0;48.79;7137.28;9543.68;0.0;0.0;31
2025-09-22 22:07:01;c3bf0684602f;pymedapp;163.3;233.8;512.0;45.66;7157.76;9574.4;0.0;0.0;31
2025-09-22 22:07:09;c3bf0684602f;pymedapp;158.15;249.4;512.0;48.71;7188.48;9605.12;0.0;0.0;31
2025-09-22 22:07:16;c3bf0684602f;pymedapp;162.64;244.6;512.0;47.78;7208.96;9635.84;0.0;0.0;30
2025-09-22 22:07:27;c3bf0684602f;pymedapp;158.22;250.5;512.0;48.92;7229.44;9666.56;0.0;0.0;31
2025-09-22 22:07:34;c3bf0684602f;pymedapp;166.46;204.8;512.0;40.0;7249.92;9697.28;0.0;0.0;27
2025-09-22 22:07:42;c3bf0684602f;pymedapp;158.9;248.1;512.0;48.46;7280.64;9738.24;0.0;0.0;31
2025-09-22 22:07:49;c3bf0684602f;pymedapp;157.77;243.1;512.0;47.49;7301.12;9758.72;0.0;0.0;31
2025-09-22 22:08:00;c3bf0684602f;pymedapp;23.97;209.2;512.0;40.85;7321.6;9789.44;0.0;0.0;31
2025-09-22 22:08:07;c3bf0684602f;pymedapp;0.29;209.2;512.0;40.85;7321.6;9789.44;0.0;0.0;31
